,,,,"//==================================
// visual scene block 0x4A4E
//==================================",,,,
string,visual-0x4A4E-0_0,,,綾華：これがナビ？,This is Navi?,,,
string,visual-0x4A4E-1_0,,,　かわいい！,Cuuute!,,,
string,visual-0x4A4E-2_0,,,ナビ：あ！はじじめまして！,Ah! Nice too-too meet you!,,,
string,visual-0x4A4E-3_0,,,メイ：まだ上手に喋れないんだけどね,"She still can't talk very well, huh?",,,
string,visual-0x4A4E-4_0,,,　これでも、ずいぶん上達したんだよ,"She's improved a lot, though.",,,
string,visual-0x4A4E-5_0,,,ナビ：ナビの話、まだだ変ですか？,Is Navi's speech still-ill strange?,,,
string,visual-0x4A4E-6_0,,,笹木：ホログラム投影[装置つき?]の人工知性体ですか？,That's an artificial intelligence with a hologram projector?,,,
string,visual-0x4A4E-7_0,,,　最近ＣＭをよく見ますけど、大したものですね,"I've seen it in ads a lot lately, but it sure is something.",,,
string,visual-0x4A4E-8_0,,,　こんなに表情が[豊かだ?]なんて、思いませんでしたよ,I didn't think it could be so expressive.,,,
string,visual-0x4A4E-9_0,,,綾華：ホログラムって？,{Hologram}?,,,
string,visual-0x4A4E-10_0,,,優子：立体映像の事よ,A three-dimensional image.,,,
string,visual-0x4A4E-11_0,,,綾華：あ、優子さん！,Miss Yuuko!,,,
string,visual-0x4A4E-12_0,,,優子：つまり、そのお人形さんは空中に表示されている映像ってわけ,"In other words, that {doll} is a picture shown in the air.",,,
string,visual-0x4A4E-13_0,,,綾華：へえぇ…, ,,,
string,visual-0x4A4E-14_0,,,　優子さんって物知り！,"Miss Yuuko, you're so smart!",,,
string,visual-0x4A4E-15_0,,,沢田：おお！話題の２人さんのＣＭだぜ！,It's that popular new commercial of you two's!,,,
string,visual-0x4A4E-16_0,,,,,,UNTRANSLATED,
string,visual-0x4A4E-17_0,,,,,,UNTRANSLATED,
string,visual-0x4A4E-18_0,,,,,,UNTRANSLATED,
string,visual-0x4A4E-19_0,,,,,,UNTRANSLATED,
string,visual-0x4A4E-20_0,,,,,,UNTRANSLATED,
,,,,"//==================================
// visual scene block 0x4ACE
//==================================",,,,
string,visual-0x4ACE-0_0,,,メイ：コンピュータが、進化する！,Computers are evolving!,,,
string,visual-0x4ACE-1_0,,,ナビ：はじめまして！あたしがオルカ！,Nice to meet you! I'm Oruka!,,,
string,visual-0x4ACE-2_0,,,　炊事も掃除もできないけれど、あなたの小さな友達です！,"I can't cook or clean, but I'm your little friend!",,,
string,visual-0x4ACE-3_0,,,メイ：コンピュータが、進化した！,Computers have evolved!,,,
string,visual-0x4ACE-4_0,,,　人とコンピュータは、一つになれる,Human and computer can become one.,,,
string,visual-0x4ACE-5_0,,,　マルチメディアインタフェース、オルカ,"The multimedia interface, Oruka...",,,
string,visual-0x4ACE-6_0,,,メイ＆ナビ：お・る・か？,"Oru ka?\n
(Is it with you?)","CHECK, definitely not a literal translation, but it needs to sound like a plausible tagline",,
string,visual-0x4ACE-7_0,,,,,,UNTRANSLATED,
string,visual-0x4ACE-8_0,,,,,,UNTRANSLATED,
string,visual-0x4ACE-9_0,,,,,,UNTRANSLATED,
string,visual-0x4ACE-10_0,,,,,,UNTRANSLATED,
,,,,"//==================================
// visual scene block 0x4B4E
//==================================",,,,
string,visual-0x4B4E-0_0,,,綾華：いいな,Neato...,,,
string,visual-0x4B4E-1_0,,,　綾華もＣＭに出てみたいよ,Ayaka wishes she could be in a commercial too.,,,
string,visual-0x4B4E-2_0,,,　そうすれば、ナビちゃんみたいに綾華も何かもらえるかもしれないのに、人気も出るし,"If she did, someone might give her something, like with Navi...",,,
string,visual-0x4B4E-3_0,,,,"And she'd get popular, too...",,,
string,visual-0x4B4E-4_0,,,素子：浅ましいのよ、あなたは！,You...You're just insufferable!,,,
string,visual-0x4B4E-5_0,,,綾華：ふん？そっか…,I get it...,,,
string,visual-0x4B4E-6_0,,,　素子ちゃんったら、メイちゃんが羨ましいんでしょ！,"Oh, Motoko, you're JEALOUS of May, aren't you!?",,,
string,visual-0x4B4E-7_0,,,素子：なっ！…うっ…,Wha--!?,,,
string,visual-0x4B4E-8_0,,,　あなたのそうゆう図太くて無神経なところが気に入らないのよ！,I can't stand that insensitive cheek of yours!,,,
string,visual-0x4B4E-9_0,,,ナビ：あぅ！ヒステリー！,Oh! She's hysterical!,,,
string,visual-0x4B4E-10_0,,,素子：何ですって！？,WHAT WAS THAT!?,,,
string,visual-0x4B4E-11_0,,,優子：それぐらいにしておきなさい,You'd better stop there.,,,
string,visual-0x4B4E-12_0,,,　気が高ぶってると霊に食われてしまう,Get too excited and the spirits will devour you.,,,
string,visual-0x4B4E-13_0,,,　ほら、素子の後ろに、悪霊がいるわ,Look...,,,
string,visual-0x4B4E-14_0,,,,"Behind you, Motoko...",,,
string,visual-0x4B4E-15_0,,,,...is an evil spirit.,,,
string,visual-0x4B4E-16_0,,,かんな：あ…悪霊？,E...evil spirit?,,,
string,visual-0x4B4E-17_0,,,　ん…！,,,UNTRANSLATED,
string,visual-0x4B4E-18_0,,,素子：か、かんな！,K-Kanna!,,,
string,visual-0x4B4E-19_0,,,　うっ…いい加減な事言って、かんな脅かさないで！,Don't say ridiculous stuff and scare Kanna!,,,
string,visual-0x4B4E-20_0,,,　このエセ霊能力者！,You phony psychic!,,,
string,visual-0x4B4E-21_0,,,　ちょっと、かんな[もう?]かんなよ！,"Hey! Kanna! C'mon, Kanna!",,,
string,visual-0x4B4E-22_0,,,　あなた、こんな事で[一時?]気絶してたら、今日の撮影なんてできっこないでしょ！,"If you pass out on the spot from something like that,",,,
string,visual-0x4B4E-23_0,,,,there's no way you'll get through today's shoot!,,,
string,visual-0x4B4E-24_0,,,,,,UNTRANSLATED,
string,visual-0x4B4E-25_0,,,,,,UNTRANSLATED,
string,visual-0x4B4E-26_0,,,,,,UNTRANSLATED,
string,visual-0x4B4E-27_0,,,,,,UNTRANSLATED,
string,visual-0x4B4E-28_0,,,,,,UNTRANSLATED,
string,visual-0x4B4E-29_0,,,,,,UNTRANSLATED,
string,visual-0x4B4E-30_0,,,,,,UNTRANSLATED,
,,,,"//==================================
// visual scene block 0x4BCE
// ayaka death 1
//==================================",,,,
string,visual-0x4BCE-0_0,,,メイ：あ！,,,UNTRANSLATED,
string,visual-0x4BCE-1_0,,,笹木：綾華さん！,"-- Ayaka!\n
-- No! You're gonna fall!",,,
string,visual-0x4BCE-2_0,,,沢田：いかん！落ちるぞ！,,,UNTRANSLATED,
string,visual-0x4BCE-3_0,,,メイ：綾華！,Ayaka!,,,
string,visual-0x4BCE-4_0,,,メイ：あ…,,,UNTRANSLATED,
string,visual-0x4BCE-5_0,,,メイ：綾華！,Ayaka!,,,
string,visual-0x4BCE-6_0,,,,,,UNTRANSLATED,
string,visual-0x4BCE-7_0,,,,,,UNTRANSLATED,
string,visual-0x4BCE-8_0,,,,,,UNTRANSLATED,
string,visual-0x4BCE-9_0,,,,,,UNTRANSLATED,
,,,,"//==================================
// visual scene block 0x4C4E
// ayaka death 2
//==================================",,,,
string,visual-0x4C4E-0_0,,,メイ：綾華…,Ayaka...,,,
string,visual-0x4C4E-1_0,,,メイ：あっ！,,,UNTRANSLATED,
string,visual-0x4C4E-2_0,,,メイ：嘘…,No...,,,
string,visual-0x4C4E-3_0,,,,,,UNTRANSLATED,
string,visual-0x4C4E-4_0,,,,,,UNTRANSLATED,
string,visual-0x4C4E-5_0,,,,,,UNTRANSLATED,
string,visual-0x4C4E-6_0,,,,,,UNTRANSLATED,
string,visual-0x4C4E-7_0,,,,,,UNTRANSLATED,
string,visual-0x4C4E-8_0,,,,,,UNTRANSLATED,
string,visual-0x4C4E-9_0,,,,,,UNTRANSLATED,
,,,,"//==================================
// visual scene block 0x4CCE
// case 1 ending p1
//==================================",,,,
string,visual-0x4CCE-0_0,,,メイ：あ！,,,UNTRANSLATED,
string,visual-0x4CCE-1_0,,,沢田：優子！,Yuuko!,,,
string,visual-0x4CCE-2_0,,,メイ：ダメー…！,NO...!,,,
string,visual-0x4CCE-3_0,,,メイ：きゃあ！,,,UNTRANSLATED,
string,visual-0x4CCE-4_0,,,沢田：メイ！優子！,MAY! YUUKO!,,,
string,visual-0x4CCE-5_0,,,,,,UNTRANSLATED,
string,visual-0x4CCE-6_0,,,,,,UNTRANSLATED,
string,visual-0x4CCE-7_0,,,,,,UNTRANSLATED,
string,visual-0x4CCE-8_0,,,,,,UNTRANSLATED,
string,visual-0x4CCE-9_0,,,,,,UNTRANSLATED,
,,,,"//==================================
// visual scene block 0x4D4E
// case 1 ending p2
//==================================",,,,
string,visual-0x4D4E-0_0,,,ナビ：メイ,May...,,,
string,visual-0x4D4E-1_0,,,　メイ、しっかりして下さい,May!,,,
string,visual-0x4D4E-2_0,,,,Please pull yourself together.,,,
string,visual-0x4D4E-3_0,,,メイ：あ？,,,UNTRANSLATED,
string,visual-0x4D4E-4_0,,,ナビ：大丈夫ですか、メイ？,"Are you all right, May?",,,
string,visual-0x4D4E-5_0,,,メイ：ボク、助かったのね,So I...didn't die?,"NOTE: literally ""i was saved"", an idiom that gets used in situations where it doesn't make sense in english",,
string,visual-0x4D4E-6_0,,,ナビ：笹木さんが受け止めてくれたんです,Sasaki caught you.,,,
string,visual-0x4D4E-7_0,,,笹木：それに、ほら,And look.,,,
string,visual-0x4D4E-8_0,,,　優子さんも無事ですよ,Miss Yuuko's safe too.,,,
string,visual-0x4D4E-9_0,,,メイ：え？,Huh?,,,
string,visual-0x4D4E-10_0,,,笹木：ちょうどソファの上に落ちたんです,She landed right on the sofa.,,,
string,visual-0x4D4E-11_0,,,メイ：優子さん…,Miss Yuuko...,,,
string,visual-0x4D4E-12_0,,,優子：はぁ…バカな子,Stupid girl.,,,
string,visual-0x4D4E-13_0,,,　どうして、私なんかを助けようとしたの？,Why did you try to help ME?,,,
string,visual-0x4D4E-14_0,,,メイ：さぁ…ボクにも分かんないよ,Well...,,,
string,visual-0x4D4E-15_0,,,,I don't know that myself.,,,
string,visual-0x4D4E-16_0,,,　あなたが憎かったし、正直、殺してやりたかった,"I despised you, and honestly, I wanted to kill you.",,,
string,visual-0x4D4E-17_0,,,　でも、どうしてかな？,But...somehow?,,,
string,visual-0x4D4E-18_0,,,　落ちていく優子さんが綾華に見えた,"As you fell, Miss Yuuko, I saw you as Ayaka.",,,
string,visual-0x4D4E-19_0,,,　そしたら、体が勝手に動いてたんだよ,And then my body moved on its own.,,,
string,visual-0x4D4E-20_0,,,笹木：優子さん、怪我をしてるかもしれません,"Miss Yuuko, you may be injured.",,,
string,visual-0x4D4E-21_0,,,　まだ動かないで下さい,Please don't move yet.,,,
string,visual-0x4D4E-22_0,,,優子：大丈夫,It's fine.,,,
string,visual-0x4D4E-23_0,,,　逃げたりはしないの,I won't run away.,,,
string,visual-0x4D4E-24_0,,,メイ：（ごめん、綾華,"(Sorry, Ayaka.)",,,
string,visual-0x4D4E-25_0,,,　ボクには、優子さんでも見殺しなんて出来なかったの）,(I couldn't just stand by and let even Miss Yuuko die.),,,
string,visual-0x4D4E-26_0,,,ナビ：メイ…,May...,"CHECK, the last part of this is so quiet that I can't be sure of some important parts. the alternative is that she's asking ayaka to forgive her, which seems off.",,
string,visual-0x4D4E-27_0,,,メイ：（でも、綾華[は許してくれるよ?]ね）,(But...),,,
string,visual-0x4D4E-28_0,,,,"(You'll forgive me, right, Ayaka?)",,,
string,visual-0x4D4E-29_0,,,メイ：行こうか、ナビ,"Ready to go, Navi?",,,
string,visual-0x4D4E-30_0,,,ナビ：はい！,Yes!,,,
string,visual-0x4D4E-31_0,,,,,,UNTRANSLATED,
string,visual-0x4D4E-32_0,,,,,,UNTRANSLATED,
string,visual-0x4D4E-33_0,,,,,,UNTRANSLATED,
string,visual-0x4D4E-34_0,,,,,,UNTRANSLATED,
string,visual-0x4D4E-35_0,,,,,,UNTRANSLATED,
string,visual-0x4D4E-36_0,,,,,,UNTRANSLATED,
string,visual-0x4D4E-37_0,,,,,,UNTRANSLATED,
string,visual-0x4D4E-38_0,,,,,,UNTRANSLATED,
string,visual-0x4D4E-39_0,,,,,,UNTRANSLATED,
,,,,"//==================================
// visual scene block 0x4DCE
// dart discovery
//==================================",,,,
string,visual-0x4DCE-0_0,,,メイ：ダーツ…,A dart...,,,
string,visual-0x4DCE-1_0,,,　血が…,There's blood...,,,
string,visual-0x4DCE-2_0,,,ナビ：綾華の胸にも失血が認められます,It appears there is also blood loss from Ayaka's chest.,,,
string,visual-0x4DCE-3_0,,,　状況からすると、[その血は?]綾華の物だと…,"Based on the situation, I believe that blood is Ayak--",,,
string,visual-0x4DCE-4_0,,,メイ：うるさい！,Shut up! I KNOW that!,,,
string,visual-0x4DCE-5_0,,,　そんな事分かってる！,,,UNTRANSLATED,
string,visual-0x4DCE-6_0,,,　機械のあんたには、ボクの気持ちなんて分かんないんだ,A machine like you can't understand my feelings!,,,
string,visual-0x4DCE-7_0,,,　目障りなんだよ,You're an eyesore.,,,
string,visual-0x4DCE-8_0,,,　とっとと消えてよ！,"Go away, NOW!",,,
string,visual-0x4DCE-9_0,,,沢田：落ち着け[ね?]！,Calm down!,,,
string,visual-0x4DCE-10_0,,,　ナビに八つ当たりしても仕方ないだろ！,Is taking it out on Navi gonna help!?,,,
string,visual-0x4DCE-11_0,,,　死んだ[人?]は戻ってこないんだ,People that die don't come back.,,,
string,visual-0x4DCE-12_0,,,メイ：違う！,No! Ayaka didn't die!,,,
string,visual-0x4DCE-13_0,,,　綾華は[死んだ?]じゃない！,,,UNTRANSLATED,
string,visual-0x4DCE-14_0,,,　殺されたのよ,She was killed.,,,
string,visual-0x4DCE-15_0,,,　これを見て[よ?],Look at this.,,,
string,visual-0x4DCE-16_0,,,　綾華に刺さってたんだよ,It was stuck in Ayaka's chest.,,,
string,visual-0x4DCE-17_0,,,　綾華の血がついてるんだよ！,It has Ayaka's blood on it!,,,
string,visual-0x4DCE-18_0,,,　これでも…まだ綾華が死んだって…,"Even with this...\n
Even if Ayaka's still dead...","CHECK: i'm pretty sure the transcription is correct, but i'm not sure how it goes with the material that follows. i'm taking it as ""even if this won't change anything, [i have to do something]""",,
string,visual-0x4DCE-19_0,,,,,,UNTRANSLATED,
string,visual-0x4DCE-20_0,,,　幽霊がダーツを投げたというわけ？,Do you think a ghost threw the dart!?,,,
string,visual-0x4DCE-21_0,,,　違う！,NO!,,,
string,visual-0x4DCE-22_0,,,　綾華は誰かに…殺されたんだ！,Somebody...killed Ayaka!,,,
string,visual-0x4DCE-23_0,,,,,,UNTRANSLATED,
string,visual-0x4DCE-24_0,,,,,,UNTRANSLATED,
string,visual-0x4DCE-25_0,,,,,,UNTRANSLATED,
string,visual-0x4DCE-26_0,,,,,,UNTRANSLATED,
string,visual-0x4DCE-27_0,,,,,,UNTRANSLATED,
string,visual-0x4DCE-28_0,,,,,,UNTRANSLATED,
string,visual-0x4DCE-29_0,,,,,,UNTRANSLATED,
,,,,"//==================================
// visual scene block 0x4E4E
// case 2a intro p1
//==================================",,,,
string,visual-0x4E4E-0_0,,,立花：ごめんな、綾華,"I'm sorry, Ayaka.",,,
string,visual-0x4E4E-1_0,,,　仕事ばかりで、ロクにお前の事を構ってや[ら?]なかった,"I did nothing but work, and didn't care for you enough.","NOTE: split into two parts here to work around a load transition, but it's actually displayed as just one subtitle in-game",,
string,visual-0x4E4E-2_0,,,,,,UNTRANSLATED,
string,visual-0x4E4E-3_0,,,立花綾華," 
#BREAKGROUP()
AYAKA TACHIBANA",NOTE: label on tombstone,,
string,visual-0x4E4E-4_0,,,　綾華…,"Ayaka...
#BREAKGROUP()
AYAKA TACHIBANA",,,
string,visual-0x4E4E-5_0,,,　こんな父さんを許してくれ,Forgive your father for being like this.,,,
string,visual-0x4E4E-6_0,,,,,,UNTRANSLATED,
string,visual-0x4E4E-7_0,,,,,,UNTRANSLATED,
string,visual-0x4E4E-8_0,,,,,,UNTRANSLATED,
string,visual-0x4E4E-9_0,,,,,,UNTRANSLATED,
,,,,"//==================================
// visual scene block 0x4ECE
// case 2a intro p2
//==================================",,,,
string,visual-0x4ECE-0_0,,,メイ：はぁ…きれいな海,The ocean's pretty.,,,
string,visual-0x4ECE-1_0,,,メイ：旅行！？,A trip!?,,,
string,visual-0x4ECE-2_0,,,素子：そう！,Yep! A thirty-hour voyage!,,,
string,visual-0x4ECE-3_0,,,　３０時間の船の旅！,,,UNTRANSLATED,
string,visual-0x4ECE-4_0,,,　南の孤島のきれいな海で、泳いで食べて遊びまくるの！,"In the shining seas of an isolated island,",,,
string,visual-0x4ECE-5_0,,,,we'll swim and eat and play till we drop!,,,
string,visual-0x4ECE-6_0,,,メイ：素子…,Motoko...,,,
string,visual-0x4ECE-7_0,,,　あんた、ずいぶん性格が変わったね？,Hasn't your personality done a real 180?,,,
string,visual-0x4ECE-8_0,,,素子：あら、心外ね,"Oh, you wound me.",,,
string,visual-0x4ECE-9_0,,,　私は前から素直で明るく、美しい女優を目指してるんだけどなぁ〜,"I've aimed from the get-go to be an honest, bright, and beautiful actress.",,,
string,visual-0x4ECE-10_0,,,　そんな事より、メイ,"But anyway, May...",,,
string,visual-0x4ECE-11_0,,,　あなたいつまで落ち込んでるつもり？,How long are you going to stay down in the dumps?,,,
string,visual-0x4ECE-12_0,,,メイ：べ、別に…落ち込[んで?]なんか…,I-I'm not...in the dumps...,,,
string,visual-0x4ECE-13_0,,,素子：はぁ…,,,UNTRANSLATED,
string,visual-0x4ECE-14_0,,,　そりゃ、綾華の事でショックなの分かるけど…,"Look, I understand what happened with Ayaka was a shock...",,,
string,visual-0x4ECE-15_0,,,　でもね、落ち込んでだって、綾華は生き返らないわ,"But you know, being sad won't bring her back.",,,
string,visual-0x4ECE-16_0,,,メイ：そうね,...You're right.,,,
string,visual-0x4ECE-17_0,,,素子：んもう、若いんだからさ！,"C'mon, we're young, you know!?",,,
string,visual-0x4ECE-18_0,,,　悩んでないで、パーッと行こうよ、パーッと！,"Don't feel bad! Let's go!\n
All-out, no restraints!",,,
string,visual-0x4ECE-19_0,,,,,,UNTRANSLATED,
string,visual-0x4ECE-20_0,,,,,,UNTRANSLATED,
string,visual-0x4ECE-21_0,,,,,,UNTRANSLATED,
string,visual-0x4ECE-22_0,,,,,,UNTRANSLATED,
string,visual-0x4ECE-23_0,,,,,,UNTRANSLATED,
string,visual-0x4ECE-24_0,,,,,,UNTRANSLATED,
string,visual-0x4ECE-25_0,,,,,,UNTRANSLATED,
string,visual-0x4ECE-26_0,,,,,,UNTRANSLATED,
string,visual-0x4ECE-27_0,,,,,,UNTRANSLATED,
string,visual-0x4ECE-28_0,,,,,,UNTRANSLATED,
string,visual-0x4ECE-29_0,,,,,,UNTRANSLATED,
,,,,"//==================================
// visual scene block 0x4F4E
// case 2a intro p3
//==================================",,,,
string,visual-0x4F4E-0_0,,,メイ：（３０時間の船の旅か…）,(A thirty-hour voyage...),,,
string,visual-0x4F4E-1_0,,,素子：メイ…,May...,,,
string,visual-0x4F4E-2_0,,,　メイ,May.,,,
string,visual-0x4F4E-3_0,,,　メイ！,May!,,,
string,visual-0x4F4E-4_0,,,メイ：あ,,,UNTRANSLATED,
string,visual-0x4F4E-5_0,,,素子：何ボーっとしてんのよ？,What're you zoning out for?,,,
string,visual-0x4F4E-6_0,,,　食堂に行くんでしょ,Aren't we going to the dining room?,,,
string,visual-0x4F4E-7_0,,,　船の朝食楽しみにしてたじゃない？,"You were looking forward to the ship's breakfast, right?",,,
string,visual-0x4F4E-8_0,,,メイ：ごめん、ごめん,"Sorry, sorry.",,,
string,visual-0x4F4E-9_0,,,　それじゃ、行こうか？,"Okay, ready to go?",,,
string,visual-0x4F4E-10_0,,,,,,UNTRANSLATED,
string,visual-0x4F4E-11_0,,,,,,UNTRANSLATED,
string,visual-0x4F4E-12_0,,,,,,UNTRANSLATED,
string,visual-0x4F4E-13_0,,,,,,UNTRANSLATED,
string,visual-0x4F4E-14_0,,,,,,UNTRANSLATED,
string,visual-0x4F4E-15_0,,,,,,UNTRANSLATED,
string,visual-0x4F4E-16_0,,,,,,UNTRANSLATED,
string,visual-0x4F4E-17_0,,,,,,UNTRANSLATED,
string,visual-0x4F4E-18_0,,,,,,UNTRANSLATED,
string,visual-0x4F4E-19_0,,,,,,UNTRANSLATED,
,,,,"//==================================
// visual scene block 0x4FCE
//==================================",,,,
string,visual-0x4FCE-0_0,,,素子：事件は解決したっていうのに、浮かない顔してるわね,"Even though the case is solved, you've got a long face.",,,
string,visual-0x4FCE-1_0,,,メイ：うん,Yeah.,,,
string,visual-0x4FCE-2_0,,,素子：言ってごらんなさいよ,Try talking about it.,,,
string,visual-0x4FCE-3_0,,,メイ：ボク、ちょっといい気になりすぎてたかなって,I'm wondering...am I too full of myself?,,,
string,visual-0x4FCE-4_0,,,　研究がうまくいかなくて[言?]って、思い詰めてた木原さんの顔を見てたら、「犯人はあなただ！」なんて、まるで[クイズでも解いている?]みたいに,"Looking at Kihara's tormented face as she said her research wasn't going well,",,,"When Kihara talked about how her research wasn't going well,"
string,visual-0x4FCE-5_0,,,,it felt like when I went {The culprit is YOU!}...,,,looking at her tormented face made going {The culprit is YOU!}...
string,visual-0x4FCE-6_0,,,,...I'd just been answering a quiz or something.,,,...seem like I'd just been answering a quiz or something.
string,visual-0x4FCE-7_0,,,　自分が、面白半分で、探偵を気取っていたんじゃないかって気がして,I feel like maybe I was just playing at being a detective for fun.,,,
string,visual-0x4FCE-8_0,,,　これで、本当によかったのかなって,"Is it really okay like this, I wonder?",,,
string,visual-0x4FCE-9_0,,,素子：何言ってんのよ,What're you talking about?,,,
string,visual-0x4FCE-10_0,,,　指輪が戻って、奥さんはお喜び、木原さんだって、ほんの出来心だっただけで、今は[見つか?]ってよかったんだって思ってるわよ,"The ring's been returned, Atsuko's happy, and even Kihara...","NOTE: atsuko is referred to as 奥さん, literally ""the wife"", here, which is a normal polite way to refer to a married woman in japanese but not so much in english",,
string,visual-0x4FCE-11_0,,,,"...just had a sudden impulse, and now she thinks it's good it got found out.",CHECK,,
string,visual-0x4FCE-12_0,,,　だからさ、元気出しなさいよ！,"So c'mon, cheer up!",,,
string,visual-0x4FCE-13_0,,,メイ：そうだね,...You're right.,,,
string,visual-0x4FCE-14_0,,,　ありがとう、素子,"Thank you, Motoko.",,,
string,visual-0x4FCE-15_0,,,素子：えっ,,,UNTRANSLATED,
string,visual-0x4FCE-16_0,,,　何[改まって?]んのよ、バカ[ね?],Wh-what's the formality for? Dummy.,,,
string,visual-0x4FCE-17_0,,,　色々悩みすぎて、[むっかしくなった??]んじゃないの,"You were too worked up over everything and got all gloomy, didn't you?","CHECK, むっかしい is at least some sort of semi-valid form of 難しい, but possibly only in regional dialects that wouldn't apply here. i can't come up with anything else that would make sense, though...",,
string,visual-0x4FCE-18_0,,,メイ：えへへ,,,UNTRANSLATED,
string,visual-0x4FCE-19_0,,,　そうだね,You're right.,,,
string,visual-0x4FCE-20_0,,,　やっぱり、素子みたいに遊ぶ事ばかり考え[てなきゃ?]、ダメかな？,"Guess I need to be more like you and only think about having fun, huh?",,,
string,visual-0x4FCE-21_0,,,素子：言ったわね！,You said it!,,,
string,visual-0x4FCE-22_0,,,　よーし！,"All right! When we get to the island,",,,
string,visual-0x4FCE-23_0,,,　島に着いたら、人生の楽しみ方をたっぷり[決断??手伝いし??]たげるからね,,,UNTRANSLATED,
string,visual-0x4FCE-24_0,,,,I'm gonna seriously fix up the way you enjoy life!,"FIXME, can't make out word over the music",,
string,visual-0x4FCE-25_0,,,　覚悟してなさい！,Better get ready!,,,
string,visual-0x4FCE-26_0,,,メイ：はい、先生,"Yes, O master.",NOTE: may jokingly answers in the fashion of a stereotypical student talking to a teacher; a literal translation can't really get it across,,
string,visual-0x4FCE-27_0,,,　よろしくお願いします,Bestow upon me your teachings.,,,
string,visual-0x4FCE-28_0,,,２人：（笑）,,,UNTRANSLATED,
string,visual-0x4FCE-29_0,,,,,,UNTRANSLATED,
string,visual-0x4FCE-30_0,,,,,,UNTRANSLATED,
string,visual-0x4FCE-31_0,,,,,,UNTRANSLATED,
string,visual-0x4FCE-32_0,,,,,,UNTRANSLATED,
string,visual-0x4FCE-33_0,,,,,,UNTRANSLATED,
string,visual-0x4FCE-34_0,,,,,,UNTRANSLATED,
string,visual-0x4FCE-35_0,,,,,,UNTRANSLATED,
string,visual-0x4FCE-36_0,,,,,,UNTRANSLATED,
string,visual-0x4FCE-37_0,,,,,,UNTRANSLATED,
string,visual-0x4FCE-38_0,,,,,,UNTRANSLATED,
string,visual-0x4FCE-39_0,,,,,,UNTRANSLATED,
,,,,"//==================================
// visual scene block 0x504E
//==================================",,,,
string,visual-0x504E-0_0,,,ナビ「おはようございます、メイ。,"Good morning, May!","NOTE: transcript taken partially from unused adv version of scene, adv-0x21BE. the content isn't exactly the same, though (unused version seems to be an earlier draft)",,
string,visual-0x504E-1_0,,,メイ「おはよう。,Morning.,,,
string,visual-0x504E-2_0,,,メイ「ん〜っ!!,,,UNTRANSLATED,
string,visual-0x504E-3_0,,,　いい天気！,What great weather!,,,
string,visual-0x504E-4_0,,,　今日も海がきれいだね！,"The sea's so pretty today, too.",,,
string,visual-0x504E-5_0,,,ナビ：ええ！,Yes!,,,
string,visual-0x504E-6_0,,,　こんなにきれいな景色なのに…,The scenery's so beautiful...,,,
string,visual-0x504E-7_0,,,　殺された人がいるなんて信じたくないですね,"I don't want to believe someone's been murdered, you know?",,,
string,visual-0x504E-8_0,,,メイ「そうだね‥‥。,Yeah.,,,
string,visual-0x504E-9_0,,,,,,UNTRANSLATED,
string,visual-0x504E-10_0,,,,,,UNTRANSLATED,
string,visual-0x504E-11_0,,,,,,UNTRANSLATED,
string,visual-0x504E-12_0,,,,,,UNTRANSLATED,
string,visual-0x504E-13_0,,,,,,UNTRANSLATED,
string,visual-0x504E-14_0,,,,,,UNTRANSLATED,
string,visual-0x504E-15_0,,,,,,UNTRANSLATED,
string,visual-0x504E-16_0,,,,,,UNTRANSLATED,
string,visual-0x504E-17_0,,,,,,UNTRANSLATED,
string,visual-0x504E-18_0,,,,,,UNTRANSLATED,
string,visual-0x504E-19_0,,,,,,UNTRANSLATED,
,,,,"//==================================
// visual scene block 0x50CE
//==================================",,,,
string,visual-0x50CE-0_0,,,素子：ふ〜ん,Hmm...,,,
string,visual-0x50CE-1_0,,,　で、立花さんに助けられたんだ,"So, you got saved by Mr. Tachibana?",,,
string,visual-0x50CE-2_0,,,　結構やるじゃないの！あの親父も,Guess that geezer's good for something after all!,,,
string,visual-0x50CE-3_0,,,ナビ：これからが大変なんだなんて[ぼやいて?]ましたけどね,"He was grumbling about what a pain it was going to be afterward, though.",,,
string,visual-0x50CE-4_0,,,　とまれ、事件が解決してよかったですよ,"Anyway, it's great that the case got solved.",,,
string,visual-0x50CE-5_0,,,ナビ：武藤さんの息子さんは亡くなってしまいましたけど、渡部さんは意識を取り戻しまいしたし,"Mr. Mutou's son may have lost his life,",,,
string,visual-0x50CE-6_0,,,,but Mr. Watabe did regain consciousness.,,,
string,visual-0x50CE-7_0,,,メイ：お婆さんと２人で、[出家?]するんだって,I heard that he and the old woman are both going to join the priesthood.,"NOTE: um, exactly what is the penalty for ""i abused my position in the police to hand over seized contraband to criminals for decades and deliberately leaked information about an investigation in order to get my subordinate murdered""? a slap on the wrist?",,
string,visual-0x50CE-8_0,,,　あの２人には、せめて平穏に暮らして欲しいよね,I hope those two will at least be able to live peacefully.,,,
string,visual-0x50CE-9_0,,,素子：私だって、平穏の生活が欲しいわの,And you know who else wants a peaceful life? ME.,,,
string,visual-0x50CE-10_0,,,　メイと一緒にいると、必ずとんでもない事件に巻き込まれる[んだもん?],"As long as I'm around you, I'm just going to get wrapped up in ridiculous incidents.",,,
string,visual-0x50CE-11_0,,,ナビ：とかなんとか言っちゃって、ほんと素子？,"You say that, Motoko, but is it really true?",,,
string,visual-0x50CE-12_0,,,　それが楽しみなんでしょ？,Isn't that where the fun is?,NOTE: the fun of your friends getting accidentally murdered in what's basically a scooby-doo villain scheme gone wrong?,,
string,visual-0x50CE-13_0,,,素子：ったら、分かっちゃった,"Dang, you've found me out.",,,
string,visual-0x50CE-14_0,,,２人：（笑）,,,UNTRANSLATED,
string,visual-0x50CE-15_0,,,メイ：ああ！ボクだって、好きで巻き込まれてるわけじゃない〜！,"Look, it's not like I'm getting sucked into these things because I WANT to!",,,
string,visual-0x50CE-16_0,,,,,,UNTRANSLATED,
string,visual-0x50CE-17_0,,,,,,UNTRANSLATED,
string,visual-0x50CE-18_0,,,,,,UNTRANSLATED,
string,visual-0x50CE-19_0,,,,,,UNTRANSLATED,
,,,,"//==================================
// visual scene block 0x514E
//==================================",,,,
string,visual-0x514E-0_0,,,キャスター：捕まった榊被告は、以前黙秘を続けており、『組織』の全貌暴くには、まだまだ時間がかかると思われます,"Arrested defendant Sakaki maintains his previous silence,",,,
string,visual-0x514E-1_0,,,,and it is believed exposing the full story of the {Syndicate} will take more time.,,,
string,visual-0x514E-2_0,,,,,,UNTRANSLATED,
string,visual-0x514E-3_0,,,　また、警察の[慎重すぎる対応?]に、全ての情報を公開していないのではないかとの声もあり、組織と警察の関係を示唆する憶測も流れています,"Additionally, some have suggested that due to overcautiousness,",CHECK,,
string,visual-0x514E-4_0,,,,"the police may not be publishing all their information,",,,
string,visual-0x514E-5_0,,,,and speculation has also spread of links between the police and the Syndicate.,,,
string,visual-0x514E-6_0,,,,,,UNTRANSLATED,
string,visual-0x514E-7_0,,,　さて次は、今お伝えした事件も解決した、話題の女性のニュースです,"Next, news of the much-discussed woman who solved the aforementioned case.",,,
string,visual-0x514E-8_0,,,"メイさん
一日署長","Next, news of the much-discussed woman who solved the aforementioned case.
#BREAKGROUP()
MISS MAY: CHIEF OF POLICE FOR A DAY",,,
string,visual-0x514E-9_0,,,," 
#BREAKGROUP()
MISS MAY: CHIEF OF POLICE FOR A DAY",,,
string,visual-0x514E-10_0,,,,,,UNTRANSLATED,
string,visual-0x514E-11_0,,,,,,UNTRANSLATED,
string,visual-0x514E-12_0,,,,,,UNTRANSLATED,
string,visual-0x514E-13_0,,,,,,UNTRANSLATED,
string,visual-0x514E-14_0,,,,,,UNTRANSLATED,
string,visual-0x514E-15_0,,,,,,UNTRANSLATED,
string,visual-0x514E-16_0,,,,,,UNTRANSLATED,
string,visual-0x514E-17_0,,,,,,UNTRANSLATED,
string,visual-0x514E-18_0,,,,,,UNTRANSLATED,
string,visual-0x514E-19_0,,,,,,UNTRANSLATED,
,,,,"//==================================
// visual scene block 0x51CE
//==================================",,,,
string,visual-0x51CE-0_0,,,キャスター：数々の事件の解決に貢献し、その活躍ぶりが話題となっている、女優のメイ・スターさんが今日、さつきヶ丘警察署にて、表彰されました,"Having contributed to solving numerous cases,","Actress May Star, who has contributed to solving numerous cases,",,
string,visual-0x51CE-1_0,,,,"and her successes therein now a hot topic, actress May Star...","and whose successes have been a hot topic,",,
string,visual-0x51CE-2_0,,,,...will today be officially commended at the Satsukigaoka Police Station.,will today be officially commended at the Satsukigaoka Police Station.,,
string,visual-0x51CE-3_0,,,被害者：はぁっ！！,,,UNTRANSLATED,
string,visual-0x51CE-4_0,,,キャスター：この[表彰?]に伴い、[メイさん?]は一日署長として、午後３時[に?]行われる、秋の交通安全パレードに参加されます,"Due to this honor, Miss May will participate as Chief of Police for a Day...",,,
string,visual-0x51CE-5_0,,,,,,UNTRANSLATED,
string,visual-0x51CE-6_0,,,,...in the Autumn Traffic Safety Parade to be held at 3:00 PM.,,,
string,visual-0x51CE-7_0,,,,,,UNTRANSLATED,
string,visual-0x51CE-8_0,,,,,,UNTRANSLATED,
string,visual-0x51CE-9_0,,,,,,UNTRANSLATED,
string,visual-0x51CE-10_0,,,,,,UNTRANSLATED,
string,visual-0x51CE-11_0,,,,,,UNTRANSLATED,
string,visual-0x51CE-12_0,,,,,,UNTRANSLATED,
string,visual-0x51CE-13_0,,,,,,UNTRANSLATED,
string,visual-0x51CE-14_0,,,,,,UNTRANSLATED,
string,visual-0x51CE-15_0,,,,,,UNTRANSLATED,
string,visual-0x51CE-16_0,,,,,,UNTRANSLATED,
string,visual-0x51CE-17_0,,,,,,UNTRANSLATED,
string,visual-0x51CE-18_0,,,,,,UNTRANSLATED,
string,visual-0x51CE-19_0,,,,,,UNTRANSLATED,
,,,,"//==================================
// visual scene block 0x524E
//==================================",,,,
string,visual-0x524E-0_0,,,榊：検案書を見つけ出していだたいた事には感謝いたしますが,Grateful though I am that you've found the autopsy report for me...,,,
string,visual-0x524E-1_0,,,　その内容を知られるわけにはいかないんですよ,I'm afraid I simply can't allow you to spread word of its contents.,,,
string,visual-0x524E-2_0,,,メイ：榊,Sakaki.,,,
string,visual-0x524E-3_0,,,榊：それにしても…,I must say...,,,
string,visual-0x524E-4_0,,,　あの情報屋で[会ってから?]、あなたの行動を見張ってい[た正解?]でしたよ,Keeping tabs on you after we met at that information shop was the right choice.,,,
string,visual-0x524E-5_0,,,,,,UNTRANSLATED,
string,visual-0x524E-6_0,,,　おかげで本物の検案書を手に入れる事は出来たのですから,"Thanks to you, I've been able to get my hands on the report.",,,
string,visual-0x524E-7_0,,,メイ：そう思うのは、まだ早いんじゃない,Isn't it a little early to be saying that?,,,
string,visual-0x524E-8_0,,,　検案書は僕が持ってるんだよ,I'M the one who has it.,,,
string,visual-0x524E-9_0,,,榊：同じ事ですよ,It's all the same.,,,
string,visual-0x524E-10_0,,,　あなた、ここで私に殺されるんですから,"You're going to die here by my hand, after all.",,,
string,visual-0x524E-11_0,,,　父上と同じようにも,Just like your father.,,,
string,visual-0x524E-12_0,,,榊：[小魚?]！,Pesky fly!,,,
string,visual-0x524E-13_0,,,ナビ：撃たせません！,I won't let you shoot!,,,
string,visual-0x524E-14_0,,,榊：じゃ、邪魔な！,O-outta the way!,,,
string,visual-0x524E-15_0,,,メイ：あなたが…,You...,,,
string,visual-0x524E-16_0,,,　あなたが僕のお父さんを…,You killed my father...,"NOTE: in japanese, she trails off before the verb; it's literally ""You...[did something unspecified] to my father..."". there's not really a way to make this work in english without a verb.",,
string,visual-0x524E-17_0,,,,,,UNTRANSLATED,
string,visual-0x524E-18_0,,,,,,UNTRANSLATED,
string,visual-0x524E-19_0,,,,,,UNTRANSLATED,
string,visual-0x524E-20_0,,,,,,UNTRANSLATED,
string,visual-0x524E-21_0,,,,,,UNTRANSLATED,
string,visual-0x524E-22_0,,,,,,UNTRANSLATED,
string,visual-0x524E-23_0,,,,,,UNTRANSLATED,
string,visual-0x524E-24_0,,,,,,UNTRANSLATED,
string,visual-0x524E-25_0,,,,,,UNTRANSLATED,
string,visual-0x524E-26_0,,,,,,UNTRANSLATED,
string,visual-0x524E-27_0,,,,,,UNTRANSLATED,
string,visual-0x524E-28_0,,,,,,UNTRANSLATED,
string,visual-0x524E-29_0,,,,,,UNTRANSLATED,
,,,,"//==================================
// visual scene block 0x52CE
//==================================",,,,
string,visual-0x52CE-0_0,,,大瀧：バ、バカな…,P-preposterous...No...You couldn't have...!,,,
string,visual-0x52CE-1_0,,,　そんな…まさか…！,,,UNTRANSLATED,
string,visual-0x52CE-2_0,,,メイ：そのまさかだよ,But we did.,,,
string,visual-0x52CE-3_0,,,　式典会場のモニターにも、１丁目の街頭テレビにも…,"On the monitors at the parade site, the street TV in District 1...",,,
string,visual-0x52CE-4_0,,,　ううん…それだけじゃない,...No...,,,
string,visual-0x52CE-5_0,,,,Not just those.,,,
string,visual-0x52CE-6_0,,,　どこの街のどこの家のテレビにも、この映像が中継されてる,This video is being relayed to every house in every city.,,,
string,visual-0x52CE-7_0,,,　テレビを見ている人たち全てが聞いていた、あなた…あなた自身が罪を認めた、その言葉を,All the people watching on TV heard it[nbsp]--,,,
string,visual-0x52CE-8_0,,,,--[nbsp]you...,,,
string,visual-0x52CE-9_0,,,,"...you, yourself, admitting to your crimes.",,,
string,visual-0x52CE-10_0,,,　何千人、何万人の人々が証人です,Thousands[nbsp]-- tens of thousands of people are witnesses.,,,
string,visual-0x52CE-11_0,,,　大瀧署長…,Chief Ohtaki...,,,
string,visual-0x52CE-12_0,,,　あなたを逮捕します！,You're under arrest!,,,
string,visual-0x52CE-13_0,,,,,,UNTRANSLATED,
string,visual-0x52CE-14_0,,,,,,UNTRANSLATED,
string,visual-0x52CE-15_0,,,,,,UNTRANSLATED,
string,visual-0x52CE-16_0,,,,,,UNTRANSLATED,
string,visual-0x52CE-17_0,,,,,,UNTRANSLATED,
string,visual-0x52CE-18_0,,,,,,UNTRANSLATED,
string,visual-0x52CE-19_0,,,,,,UNTRANSLATED,
,,,,"//==================================
// visual scene block 0x534E
//==================================",,,,
string,visual-0x534E-0_0,,,…１年後," 
#BREAKGROUP()
ONE YEAR LATER...",,,
string,visual-0x534E-1_0,,,,"A year has passed since then.
#BREAKGROUP()
ONE YEAR LATER...",,,
string,visual-0x534E-2_0,,,メイ：あれから、１年が経ちました,A year has passed since then.,,,
string,visual-0x534E-3_0,,,　みんな一つずつ年を取って、それぞれの道を歩いています,"Everyone's grown a year, and they're each walking their own path.",,,
string,visual-0x534E-4_0,,,　立花さんは、事件[によって?]、あちこち忙しく飛び回ってるし,Mr. Tachibana's busy running all over the place on a case.,,,
string,visual-0x534E-5_0,,,　葉は、新しいお母さんを未だに、おねえちゃんなんて呼んでるみたい,"Apparently, even now, Yoh is calling her new mother {Miss.}",,,
string,visual-0x534E-6_0,,,　かんなは、今ではバラエティの人気者,Kanna's now a popular figure on variety shows.,,,
string,visual-0x534E-7_0,,,　イメージじゃないなぁなんて思ってたけど、以外に向いてるのかも,I kinda thought it didn't fit her image...,,,
string,visual-0x534E-8_0,,,,...but she may be surprisingly suited to it.,,,
string,visual-0x534E-9_0,,,,,,UNTRANSLATED,
string,visual-0x534E-10_0,,,,,,UNTRANSLATED,
string,visual-0x534E-11_0,,,,,,UNTRANSLATED,
string,visual-0x534E-12_0,,,,,,UNTRANSLATED,
string,visual-0x534E-13_0,,,,,,UNTRANSLATED,
string,visual-0x534E-14_0,,,,,,UNTRANSLATED,
string,visual-0x534E-15_0,,,,,,UNTRANSLATED,
string,visual-0x534E-16_0,,,,,,UNTRANSLATED,
string,visual-0x534E-17_0,,,,,,UNTRANSLATED,
string,visual-0x534E-18_0,,,,,,UNTRANSLATED,
string,visual-0x534E-19_0,,,,,,UNTRANSLATED,
,,,,"//==================================
// visual scene block 0x53CE
//==================================",,,,
string,visual-0x53CE-0_0,,,メイ：素子は舞台に熱中してる,Motoko's gotten crazy about stage acting.,,,
string,visual-0x53CE-1_0,,,　次の舞台のために、一生懸命に稽古してるから、最近は[間に合ってない?]んだよね？,"She's practicing as hard as she can for her next performance,",,,
string,visual-0x53CE-2_0,,,,"so recently, she's been late a lot.",CHECK,,
string,visual-0x53CE-3_0,,,　で、ボクはといういと…,And as for me...,,,
string,visual-0x53CE-4_0,,,ナビ：ふん、いい加減に覚えました？,"What is this, the hundredth time?",,,
string,visual-0x53CE-5_0,,,メイ：うるさいな,"Oh, shut up.",,,
string,visual-0x53CE-6_0,,,　だから、こうして本読みしてるんじゃない,"I told you, I'm doing a script reading.",,,
string,visual-0x53CE-7_0,,,笹木：メイさん！本番はじまります,May! It's showtime!,,,
string,visual-0x53CE-8_0,,,メイ：は〜い！,Coming!,,,
string,visual-0x53CE-9_0,,,メイ：本当、色々な事があったけど…,"A lot of things sure happened, but...",,,
string,visual-0x53CE-10_0,,,　メイは、元気でやってます！,May's keeping a smile on!,,,
string,visual-0x53CE-11_0,,,,,,UNTRANSLATED,
string,visual-0x53CE-12_0,,,,,,UNTRANSLATED,
string,visual-0x53CE-13_0,,,,,,UNTRANSLATED,
string,visual-0x53CE-14_0,,,,,,UNTRANSLATED,
string,visual-0x53CE-15_0,,,,,,UNTRANSLATED,
string,visual-0x53CE-16_0,,,,,,UNTRANSLATED,
string,visual-0x53CE-17_0,,,,,,UNTRANSLATED,
string,visual-0x53CE-18_0,,,,,,UNTRANSLATED,
string,visual-0x53CE-19_0,,,,,,UNTRANSLATED,
,,,,"//==================================
// visual scene block 0x544E
//==================================",,,,
string,visual-0x544E-0_0,,,"メイ：し、死ぬかと思った…
^-- advscene-0xB86-2",I...I thought I was gonna die...,"NOTE: the intro is basically a ""trailer"" made up of clips from elsewhere in the game. i've aliased these directly to the corresponding subtitles whenever possible.

this is in the advscene script file, so it can't be aliased",,
string,visual-0x544E-1_0,,,"ナビ：綾華の胸にも失血が認められます
^-- visual-0x4DCE-2",It appears there is also blood loss from Ayaka's chest.,,,
string,visual-0x544E-2_0,,,"綾華：これがナビ？
^-- visual-0x4A4E-0",This is Navi?,,,
string,visual-0x544E-3_0,,,"　かわいい！
^-- visual-0x4A4E-1",Cuuute!,,,
string,visual-0x544E-4_0,,,"メイ：あんた、ずいぶん性格が変わったね？
^-- visual-0x4ECE-7",Hasn't your personality done a real 180?,,,
string,visual-0x544E-5_0,,,"素子：何[改まって?]んのよ、バカ[ね?]
^-- visual-0x4FCE-16",Wh-what's the formality for?,"NOTE: compared to the version in visual-0x4FCE, the audio here has been edited to increase the length of the silence between the two sentences, so it's split into two separate lines here to reflect the different timing",,
string,visual-0x544E-6_0,,,,Dummy.,,,
string,visual-0x544E-7_0,,,"メイ：うるさい！
^-- clipped from visual-0x4DCE-4",Shut up!,,,
string,visual-0x544E-8_0,,,"　目障りなんだよ
^-- visual-0x4DCE-7",You're an eyesore.,,,
string,visual-0x544E-9_0,,,"　とっとと消えてよ！
^-- visual-0x4DCE-8","Go away, NOW!","NOTE: clips off the first part of the source sentence, so this can't be aliased",,
string,visual-0x544E-10_0,,,"優子：そのお人形さんは空中に表示されている映像ってわけ
^-- clipped from visual-0x4A4E-12; omits the initial つまり",That {doll} is a picture shown in the air.,,,
string,visual-0x544E-11_0,,,"メイ：綾華！
^-- visual-0x4BCE-5",Ayaka!,,,
string,visual-0x544E-12_0,,,,,,UNTRANSLATED,
string,visual-0x544E-13_0,,,,,,UNTRANSLATED,
string,visual-0x544E-14_0,,,,,,UNTRANSLATED,
string,visual-0x544E-15_0,,,,,,UNTRANSLATED,
string,visual-0x544E-16_0,,,,,,UNTRANSLATED,
string,visual-0x544E-17_0,,,,,,UNTRANSLATED,
string,visual-0x544E-18_0,,,,,,UNTRANSLATED,
string,visual-0x544E-19_0,,,,,,UNTRANSLATED,
string,visual-0x544E-20_0,,,,,,UNTRANSLATED,
string,visual-0x544E-21_0,,,,,,UNTRANSLATED,
string,visual-0x544E-22_0,,,,,,UNTRANSLATED,
string,visual-0x544E-23_0,,,,,,UNTRANSLATED,
string,visual-0x544E-24_0,,,,,,UNTRANSLATED,
string,visual-0x544E-25_0,,,,,,UNTRANSLATED,
string,visual-0x544E-26_0,,,,,,UNTRANSLATED,
string,visual-0x544E-27_0,,,,,,UNTRANSLATED,
string,visual-0x544E-28_0,,,,,,UNTRANSLATED,
string,visual-0x544E-29_0,,,,,,UNTRANSLATED,
string,visual-0x544E-30_0,,,,,,UNTRANSLATED,
string,visual-0x544E-31_0,,,,,,UNTRANSLATED,
string,visual-0x544E-32_0,,,,,,UNTRANSLATED,
string,visual-0x544E-33_0,,,,,,UNTRANSLATED,
string,visual-0x544E-34_0,,,,,,UNTRANSLATED,
string,visual-0x544E-35_0,,,,,,UNTRANSLATED,
string,visual-0x544E-36_0,,,,,,UNTRANSLATED,
string,visual-0x544E-37_0,,,,,,UNTRANSLATED,
string,visual-0x544E-38_0,,,,,,UNTRANSLATED,
string,visual-0x544E-39_0,,,,,,UNTRANSLATED,
string,visual-0x544E-40_0,,,,,,UNTRANSLATED,
string,visual-0x544E-41_0,,,,,,UNTRANSLATED,
string,visual-0x544E-42_0,,,,,,UNTRANSLATED,
string,visual-0x544E-43_0,,,,,,UNTRANSLATED,
string,visual-0x544E-44_0,,,,,,UNTRANSLATED,
string,visual-0x544E-45_0,,,,,,UNTRANSLATED,
string,visual-0x544E-46_0,,,,,,UNTRANSLATED,
string,visual-0x544E-47_0,,,,,,UNTRANSLATED,
string,visual-0x544E-48_0,,,,,,UNTRANSLATED,
string,visual-0x544E-49_0,,,,,,UNTRANSLATED,
string,visual-0x544E-50_0,,,,,,UNTRANSLATED,
string,visual-0x544E-51_0,,,,,,UNTRANSLATED,
string,visual-0x544E-52_0,,,,,,UNTRANSLATED,
string,visual-0x544E-53_0,,,,,,UNTRANSLATED,
string,visual-0x544E-54_0,,,,,,UNTRANSLATED,
string,visual-0x544E-55_0,,,,,,UNTRANSLATED,
string,visual-0x544E-56_0,,,,,,UNTRANSLATED,
string,visual-0x544E-57_0,,,,,,UNTRANSLATED,
string,visual-0x544E-58_0,,,,,,UNTRANSLATED,
string,visual-0x544E-59_0,,,,,,UNTRANSLATED,
string,visual-0x544E-60_0,,,,,,UNTRANSLATED,
string,visual-0x544E-61_0,,,,,,UNTRANSLATED,
string,visual-0x544E-62_0,,,,,,UNTRANSLATED,
string,visual-0x544E-63_0,,,,,,UNTRANSLATED,
string,visual-0x544E-64_0,,,,,,UNTRANSLATED,
string,visual-0x544E-65_0,,,,,,UNTRANSLATED,
string,visual-0x544E-66_0,,,,,,UNTRANSLATED,
string,visual-0x544E-67_0,,,,,,UNTRANSLATED,
string,visual-0x544E-68_0,,,,,,UNTRANSLATED,
string,visual-0x544E-69_0,,,,,,UNTRANSLATED,
string,visual-0x544E-70_0,,,,,,UNTRANSLATED,
string,visual-0x544E-71_0,,,,,,UNTRANSLATED,
string,visual-0x544E-72_0,,,,,,UNTRANSLATED,
string,visual-0x544E-73_0,,,,,,UNTRANSLATED,
string,visual-0x544E-74_0,,,,,,UNTRANSLATED,
string,visual-0x544E-75_0,,,,,,UNTRANSLATED,
string,visual-0x544E-76_0,,,,,,UNTRANSLATED,
string,visual-0x544E-77_0,,,,,,UNTRANSLATED,
string,visual-0x544E-78_0,,,,,,UNTRANSLATED,
string,visual-0x544E-79_0,,,,,,UNTRANSLATED,
string,visual-0x544E-80_0,,,,,,UNTRANSLATED,
string,visual-0x544E-81_0,,,,,,UNTRANSLATED,
string,visual-0x544E-82_0,,,,,,UNTRANSLATED,
string,visual-0x544E-83_0,,,,,,UNTRANSLATED,
string,visual-0x544E-84_0,,,,,,UNTRANSLATED,
string,visual-0x544E-85_0,,,,,,UNTRANSLATED,
string,visual-0x544E-86_0,,,,,,UNTRANSLATED,
string,visual-0x544E-87_0,,,,,,UNTRANSLATED,
string,visual-0x544E-88_0,,,,,,UNTRANSLATED,
string,visual-0x544E-89_0,,,,,,UNTRANSLATED,
string,visual-0x544E-90_0,,,,,,UNTRANSLATED,
string,visual-0x544E-91_0,,,,,,UNTRANSLATED,
string,visual-0x544E-92_0,,,,,,UNTRANSLATED,
string,visual-0x544E-93_0,,,,,,UNTRANSLATED,
string,visual-0x544E-94_0,,,,,,UNTRANSLATED,
string,visual-0x544E-95_0,,,,,,UNTRANSLATED,
string,visual-0x544E-96_0,,,,,,UNTRANSLATED,
string,visual-0x544E-97_0,,,,,,UNTRANSLATED,
string,visual-0x544E-98_0,,,,,,UNTRANSLATED,
string,visual-0x544E-99_0,,,,,,UNTRANSLATED,
,,,,"//==================================
// visual scene block 0x54CE
//==================================",,,,
string,visual-0x54CE-0_0,,,"夜が更けて　傘をさす
　　　　　　高層ビルの街",,,UNTRANSLATED,
string,visual-0x54CE-1_0,,,"　　夢の雫　飛ばそう
　　　　　　クルクルまわして",,,UNTRANSLATED,
string,visual-0x54CE-2_0,,,"　　街の灯に　輝いた
　　　　　　素敵なプレゼント",,,UNTRANSLATED,
string,visual-0x54CE-3_0,,,"　　まだ見ぬあなたまで
　　　　　　とどけこの想い",,,UNTRANSLATED,
string,visual-0x54CE-4_0,,,"　　恋のヒントは
　　瞳が手がかり",,,UNTRANSLATED,
string,visual-0x54CE-5_0,,,"　悩んで　集める
　　　　　　インフォメーション",,,UNTRANSLATED,
string,visual-0x54CE-6_0,,,"　恋をしようよ
　　　　突き止めたいね
　　　　　　あぶない事件",,,UNTRANSLATED,
string,visual-0x54CE-7_0,,,"　　隠された　　　真実を
　　探して
　　見つけ出そう",,,UNTRANSLATED,
string,visual-0x54CE-8_0,,,"　恋をしようよ
　　　　巻き込まれたい
　　　　　　あぶない事件",,,UNTRANSLATED,
string,visual-0x54CE-9_0,,,"　　このままじゃ
　　眠れない",,,UNTRANSLATED,
string,visual-0x54CE-10_0,,,"　やるせない
　　　　Ｒａｉｎｙ　ｎｉｇｈｔ",,,UNTRANSLATED,
string,visual-0x54CE-11_0,,,,,,UNTRANSLATED,
string,visual-0x54CE-12_0,,,,,,UNTRANSLATED,
string,visual-0x54CE-13_0,,,,,,UNTRANSLATED,
string,visual-0x54CE-14_0,,,,,,UNTRANSLATED,
string,visual-0x54CE-15_0,,,,,,UNTRANSLATED,
string,visual-0x54CE-16_0,,,,,,UNTRANSLATED,
string,visual-0x54CE-17_0,,,,,,UNTRANSLATED,
string,visual-0x54CE-18_0,,,,,,UNTRANSLATED,
string,visual-0x54CE-19_0,,,,,,UNTRANSLATED,
string,visual-0x54CE-20_0,,,,,,UNTRANSLATED,
string,visual-0x54CE-21_0,,,,,,UNTRANSLATED,
string,visual-0x54CE-22_0,,,,,,UNTRANSLATED,
string,visual-0x54CE-23_0,,,,,,UNTRANSLATED,
string,visual-0x54CE-24_0,,,,,,UNTRANSLATED,
string,visual-0x54CE-25_0,,,,,,UNTRANSLATED,
string,visual-0x54CE-26_0,,,,,,UNTRANSLATED,
string,visual-0x54CE-27_0,,,,,,UNTRANSLATED,
string,visual-0x54CE-28_0,,,,,,UNTRANSLATED,
string,visual-0x54CE-29_0,,,,,,UNTRANSLATED,
string,visual-0x54CE-30_0,,,,,,UNTRANSLATED,
string,visual-0x54CE-31_0,,,,,,UNTRANSLATED,
string,visual-0x54CE-32_0,,,,,,UNTRANSLATED,
string,visual-0x54CE-33_0,,,,,,UNTRANSLATED,
string,visual-0x54CE-34_0,,,,,,UNTRANSLATED,
string,visual-0x54CE-35_0,,,,,,UNTRANSLATED,
string,visual-0x54CE-36_0,,,,,,UNTRANSLATED,
string,visual-0x54CE-37_0,,,,,,UNTRANSLATED,
string,visual-0x54CE-38_0,,,,,,UNTRANSLATED,
string,visual-0x54CE-39_0,,,,,,UNTRANSLATED,
string,visual-0x54CE-40_0,,,,,,UNTRANSLATED,
string,visual-0x54CE-41_0,,,,,,UNTRANSLATED,
string,visual-0x54CE-42_0,,,,,,UNTRANSLATED,
string,visual-0x54CE-43_0,,,,,,UNTRANSLATED,
string,visual-0x54CE-44_0,,,,,,UNTRANSLATED,
string,visual-0x54CE-45_0,,,,,,UNTRANSLATED,
string,visual-0x54CE-46_0,,,,,,UNTRANSLATED,
string,visual-0x54CE-47_0,,,,,,UNTRANSLATED,
string,visual-0x54CE-48_0,,,,,,UNTRANSLATED,
string,visual-0x54CE-49_0,,,,,,UNTRANSLATED,
string,visual-0x54CE-50_0,,,,,,UNTRANSLATED,
string,visual-0x54CE-51_0,,,,,,UNTRANSLATED,
string,visual-0x54CE-52_0,,,,,,UNTRANSLATED,
string,visual-0x54CE-53_0,,,,,,UNTRANSLATED,
string,visual-0x54CE-54_0,,,,,,UNTRANSLATED,
string,visual-0x54CE-55_0,,,,,,UNTRANSLATED,
string,visual-0x54CE-56_0,,,,,,UNTRANSLATED,
string,visual-0x54CE-57_0,,,,,,UNTRANSLATED,
string,visual-0x54CE-58_0,,,,,,UNTRANSLATED,
string,visual-0x54CE-59_0,,,,,,UNTRANSLATED,
string,visual-0x54CE-60_0,,,,,,UNTRANSLATED,
string,visual-0x54CE-61_0,,,,,,UNTRANSLATED,
string,visual-0x54CE-62_0,,,,,,UNTRANSLATED,
string,visual-0x54CE-63_0,,,,,,UNTRANSLATED,
string,visual-0x54CE-64_0,,,,,,UNTRANSLATED,
string,visual-0x54CE-65_0,,,,,,UNTRANSLATED,
string,visual-0x54CE-66_0,,,,,,UNTRANSLATED,
string,visual-0x54CE-67_0,,,,,,UNTRANSLATED,
string,visual-0x54CE-68_0,,,,,,UNTRANSLATED,
string,visual-0x54CE-69_0,,,,,,UNTRANSLATED,
string,visual-0x54CE-70_0,,,,,,UNTRANSLATED,
string,visual-0x54CE-71_0,,,,,,UNTRANSLATED,
string,visual-0x54CE-72_0,,,,,,UNTRANSLATED,
string,visual-0x54CE-73_0,,,,,,UNTRANSLATED,
string,visual-0x54CE-74_0,,,,,,UNTRANSLATED,
string,visual-0x54CE-75_0,,,,,,UNTRANSLATED,
string,visual-0x54CE-76_0,,,,,,UNTRANSLATED,
string,visual-0x54CE-77_0,,,,,,UNTRANSLATED,
string,visual-0x54CE-78_0,,,,,,UNTRANSLATED,
string,visual-0x54CE-79_0,,,,,,UNTRANSLATED,
string,visual-0x54CE-80_0,,,,,,UNTRANSLATED,
string,visual-0x54CE-81_0,,,,,,UNTRANSLATED,
string,visual-0x54CE-82_0,,,,,,UNTRANSLATED,
string,visual-0x54CE-83_0,,,,,,UNTRANSLATED,
string,visual-0x54CE-84_0,,,,,,UNTRANSLATED,
string,visual-0x54CE-85_0,,,,,,UNTRANSLATED,
string,visual-0x54CE-86_0,,,,,,UNTRANSLATED,
string,visual-0x54CE-87_0,,,,,,UNTRANSLATED,
string,visual-0x54CE-88_0,,,,,,UNTRANSLATED,
string,visual-0x54CE-89_0,,,,,,UNTRANSLATED,
string,visual-0x54CE-90_0,,,,,,UNTRANSLATED,
string,visual-0x54CE-91_0,,,,,,UNTRANSLATED,
string,visual-0x54CE-92_0,,,,,,UNTRANSLATED,
string,visual-0x54CE-93_0,,,,,,UNTRANSLATED,
string,visual-0x54CE-94_0,,,,,,UNTRANSLATED,
string,visual-0x54CE-95_0,,,,,,UNTRANSLATED,
string,visual-0x54CE-96_0,,,,,,UNTRANSLATED,
string,visual-0x54CE-97_0,,,,,,UNTRANSLATED,
string,visual-0x54CE-98_0,,,,,,UNTRANSLATED,
string,visual-0x54CE-99_0,,,,,,UNTRANSLATED,
,,,,"//==================================
// visual scene block 0x554E
//==================================",,,,
,,,,"//==================================
// visual scene block 0x55CE
//==================================",,,,
