"string","credits-0_0",,,,,,"=IF(F1="""", ""UNTRANSLATED"", """")",
"string","credits-1_0",,,,,,"=IF(F2="""", ""UNTRANSLATED"", """")",
"string","credits-2_0",,,,,,"=IF(F3="""", ""UNTRANSLATED"", """")",
"string","credits-3_0",,,,,,"=IF(F4="""", ""UNTRANSLATED"", """")",
"string","credits-4_0",,,,,,"=IF(F5="""", ""UNTRANSLATED"", """")",
"string","credits-5_0",,,,,,"=IF(F6="""", ""UNTRANSLATED"", """")",
"string","credits-6_0",,,,,,"=IF(F7="""", ""UNTRANSLATED"", """")",
"string","credits-7_0",,,,,,"=IF(F8="""", ""UNTRANSLATED"", """")",
"string","credits-8_0",,,,,,"=IF(F9="""", ""UNTRANSLATED"", """")",
"string","credits-9_0",,,,,,"=IF(F10="""", ""UNTRANSLATED"", """")",
"string","credits-10_0",,,,,,"=IF(F11="""", ""UNTRANSLATED"", """")",
"string","credits-11_0",,,,,,"=IF(F12="""", ""UNTRANSLATED"", """")",
"string","credits-12_0",,,,,,"=IF(F13="""", ""UNTRANSLATED"", """")",
"string","credits-13_0",,,,,,"=IF(F14="""", ""UNTRANSLATED"", """")",
"string","credits-14_0",,,,,,"=IF(F15="""", ""UNTRANSLATED"", """")",
"string","credits-15_0",,,,,,"=IF(F16="""", ""UNTRANSLATED"", """")",
"string","credits-16_0",,,,,,"=IF(F17="""", ""UNTRANSLATED"", """")",
"string","credits-17_0",,,,,,"=IF(F18="""", ""UNTRANSLATED"", """")",
"string","credits-18_0",,,,,,"=IF(F19="""", ""UNTRANSLATED"", """")",
"string","credits-19_0",,,,,,"=IF(F20="""", ""UNTRANSLATED"", """")",
"string","credits-20_0",,,,,,"=IF(F21="""", ""UNTRANSLATED"", """")",
"string","credits-21_0",,,,,,"=IF(F22="""", ""UNTRANSLATED"", """")",
"string","credits-22_0",,,,,,"=IF(F23="""", ""UNTRANSLATED"", """")",
"string","credits-23_0",,,,,,"=IF(F24="""", ""UNTRANSLATED"", """")",
"string","credits-24_0",,,,,,"=IF(F25="""", ""UNTRANSLATED"", """")",
"string","credits-25_0",,,,,,"=IF(F26="""", ""UNTRANSLATED"", """")",
"string","credits-26_0",,,,,,"=IF(F27="""", ""UNTRANSLATED"", """")",
"string","credits-27_0",,,,,,"=IF(F28="""", ""UNTRANSLATED"", """")",
"string","credits-28_0",,,,,,"=IF(F29="""", ""UNTRANSLATED"", """")",
"string","credits-29_0",,,,,,"=IF(F30="""", ""UNTRANSLATED"", """")",
